tour,date,tournament,surface,best_of,format,round,player1,player2,p1a,p1b,p2a,p2b,source
atp,,China Open,Hard,3,singles,Round 1,Learner Tien,Hubert Hurkacz,,,,,tennis.com
atp,,China Open,Hard,3,singles,Round 1,Alexander Bublik,Jakub Menšík,,,,,tennis.com
atp,,"ATP Challenger Bari, Italy",Grass,3,singles,Round 2,Lorenzo Giustino,Matthew William Donald,,,,,tennis.com
atp,,Jingshan,Hard,3,singles,Round 2,Alex Bolt,Evan Zhu,,,,,tennis.com
atp,,Jingshan,Hard,3,singles,Round 2,Andre Ilagan,Marat Sharipov,,,,,tennis.com
atp,,Open de Vendée,Hard,3,singles,Round 2,Henry Bernet,Dominic Stricker,,,,,tennis.com
atp,,Open de Vendée,Hard,3,singles,Round 2,Felix Balshaw,Nicolai Budkov Kjaer,,,,,tennis.com
atp,,Clube Tenis Porto Challenger,Grass,3,singles,Round 2,Edas Butvilas,Moez Echargui,,,,,tennis.com
atp,,Clube Tenis Porto Challenger,Grass,3,singles,Round 2,Iñaki Montes-de la Torre,Jacob Fearnley,,,,,tennis.com
atp,,Clube Tenis Porto Challenger,Grass,3,singles,Round 2,Mili Poljičak,Henrique Rocha,,,,,tennis.com
atp,,Clube Tenis Porto Challenger,Grass,3,singles,Round 2,August Holmgren,Andrea Guerrieri,,,,,tennis.com
atp,,Clube Tenis Porto Challenger,Grass,3,singles,Round 2,Tiago Pereira,Hugo Grenier,,,,,tennis.com
atp,,UTR PTT Le Cap d Agde Men 02,Hard,3,singles,,Ids Waterbolk,Julien Dando,,,,,tennis.com
atp,,UTR PTT Le Cap d Agde Men 02,Hard,3,singles,,Thiago Agustin Pernas,Clement Hacquard,,,,,tennis.com
wta,,China Open,Hard,3,singles,Round 1,Lanlana Tararudee,Camila Osorio,,,,,tennis.com
wta,,China Open,Hard,3,singles,Round 1,Eva Lys,Xinran Sun,,,,,tennis.com
wta,,China Open,Hard,3,singles,Round 1,Xinyu Gao,Panna Udvardy,,,,,tennis.com
